,index,ts_hour_sin,ts_hour_cos,tou_offpeak,tou_standard,tou_peak,day_week,day_saturday,day_sunday,site_load_energy,solar_prod_energy,solar_ctlr_setpoint,grid_import_energy,grid_notified_maximum_demand,bess_avail_discharge_energy,bess_capacity,bess_cycle_efficiency,bess_charge_from_solar_energy,bess_charge_from_grid_energy,bess_discharge_energy,tou_peak_tariff,tou_standard_tariff,tou_offpeak_tariff,solar_ppa_tariff,debug_flag,grid_surplus_energy,solar_surplus_energy,solar_vs_load_ratio,bess_soc,action_name,reward_earned
0,0,0.0,1.0,1.0,0.0,0.0,1.0,0.0,0.0,1031.9,0.0,100.0,1031.9,2000.0,3000.0,3000.0,0.9,0.0,0.0,0.0,6.2405,1.8908,1.0270000000000001,1.4,True,968.1,0.0,0.0,100.0,do-nothing,1000.0
1,1,0.8414709848078965,0.5403023058681398,1.0,0.0,0.0,1.0,0.0,0.0,1191.1,0.0,100.0,1191.1,2000.0,3000.0,3000.0,0.9,0.0,0.0,0.0,6.2405,1.8908,1.0270000000000001,1.4,True,808.9,0.0,0.0,100.0,do-nothing,1000.0
2,2,0.9092974268256817,-0.4161468365471424,1.0,0.0,0.0,1.0,0.0,0.0,1233.8,0.0,100.0,1233.8,2000.0,3000.0,3000.0,0.9,0.0,0.0,0.0,6.2405,1.8908,1.0270000000000001,1.4,True,766.2,0.0,0.0,100.0,do-nothing,1000.0
3,3,0.1411200080598672,-0.9899924966004454,1.0,0.0,0.0,1.0,0.0,0.0,1145.3,0.0,100.0,1145.3,2000.0,3000.0,3000.0,0.9,0.0,2.2737367544323206e-13,0.0,6.2405,1.8908,1.0270000000000001,1.4,True,854.7,0.0,0.0,100.0,charge-1500,-1000.0
4,4,-0.7568024953079282,-0.6536436208636119,1.0,0.0,0.0,1.0,0.0,0.0,1247.1,0.0,100.0,1247.1,2000.0,3000.0,3000.0,0.9,0.0,0.0,0.0,6.2405,1.8908,1.0270000000000001,1.4,True,752.9,0.0,0.0,100.0,do-nothing,1000.0
5,5,-0.9589242746631385,0.28366218546322625,1.0,0.0,0.0,1.0,0.0,0.0,1356.72,30.52,100.0,1326.2,2000.0,3000.0,3000.0,0.9,0.0,0.0,0.0,6.2405,1.8908,1.0270000000000001,1.4,True,673.8,0.0,2.25,100.0,do-nothing,1000.0
6,6,-0.27941549819892586,0.960170286650366,0.0,0.0,1.0,1.0,0.0,0.0,1340.9,186.9,100.0,1154.0,2000.0,1846.0,3000.0,0.9,0.0,0.0,1154.0,6.2405,1.8908,1.0270000000000001,1.4,True,846.0,0.0,13.94,61.53,discharge-1500,5330.91
7,7,0.6569865987187891,0.7539022543433046,0.0,0.0,1.0,1.0,0.0,0.0,1218.3,545.9,100.0,672.4,2000.0,1173.6,3000.0,0.9,0.0,0.0,672.4,6.2405,1.8908,1.0270000000000001,1.4,True,1327.6,0.0,44.81,39.12,discharge-1500,3106.1499999999996
8,8,0.9893582466233818,-0.14550003380861354,0.0,0.0,1.0,1.0,0.0,0.0,1263.2,832.3,100.0,430.9,2000.0,742.6999999999999,3000.0,0.9,0.0,0.0,430.9,6.2405,1.8908,1.0270000000000001,1.4,True,1569.1,0.0,65.89,24.76,discharge-1500,1990.5400000000002
9,9,0.4121184852417566,-0.9111302618846769,0.0,1.0,0.0,1.0,0.0,0.0,1359.3,1123.6,100.0,235.7,2000.0,2242.7,3000.0,0.9,0.0,1500.0,0.0,6.2405,1.8908,1.0270000000000001,1.4,True,1764.3,0.0,82.66,74.76,charge-1500,2069.3600000000006
10,10,-0.5440211108893698,-0.8390715290764524,0.0,1.0,0.0,1.0,0.0,0.0,1272.7,1198.2,94.303,74.5,2000.0,2168.2,3000.0,0.9,0.0,0.0,74.5,6.2405,1.8908,1.0270000000000001,1.4,True,1925.5,72.39,94.15,72.27,discharge-1000,1.7700000000000102
11,11,-0.9999902065507035,0.004425697988050785,0.0,1.0,0.0,1.0,0.0,0.0,1194.6,1114.0,79.343,80.6,2000.0,2168.2,3000.0,0.9,0.0,0.0,0.0,6.2405,1.8908,1.0270000000000001,1.4,True,1919.4,290.03,93.25,72.27,do-nothing,0.0
12,12,-0.5365729180004349,0.8438539587324921,0.0,1.0,0.0,1.0,0.0,0.0,1296.0,1212.7,75.729,83.3,2000.0,2084.8999999999996,3000.0,0.9,0.0,0.0,83.3,6.2405,1.8908,1.0270000000000001,1.4,True,1916.7,388.67,93.57,69.5,discharge-500,27.919999999999987
13,13,0.4201670368266409,0.9074467814501962,0.0,1.0,0.0,1.0,0.0,0.0,1223.8,984.3,81.28,239.5,2000.0,1845.3999999999996,3000.0,0.9,0.0,0.0,239.5,6.2405,1.8908,1.0270000000000001,1.4,True,1760.5,226.7,80.43,61.51,discharge-1000,-7.739999999999952
14,14,0.9906073556948704,0.1367372182078336,0.0,1.0,0.0,1.0,0.0,0.0,1216.0,885.2,83.609,330.8,2000.0,1845.3999999999996,3000.0,0.9,0.0,0.0,0.0,6.2405,1.8908,1.0270000000000001,1.4,True,1669.2,173.54,72.8,61.51,do-nothing,0.0
15,15,0.6502878401571168,-0.7596879128588213,0.0,1.0,0.0,1.0,0.0,0.0,1133.5,689.9,93.031,443.6,2000.0,1845.3999999999996,3000.0,0.9,0.0,0.0,0.0,6.2405,1.8908,1.0270000000000001,1.4,True,1556.4,51.68,60.86,61.51,do-nothing,0.0
16,16,-0.2879033166650653,-0.9576594803233847,0.0,1.0,0.0,1.0,0.0,0.0,1051.5,286.9,97.939,764.6,2000.0,1845.3999999999996,3000.0,0.9,0.0,0.0,0.0,6.2405,1.8908,1.0270000000000001,1.4,True,1235.4,6.04,27.28,61.51,do-nothing,0.0
17,17,-0.9613974918795568,-0.27516333805159693,0.0,0.0,1.0,1.0,0.0,0.0,1337.1,109.3,100.0,1227.8,2000.0,617.5999999999997,3000.0,0.9,0.0,0.0,1227.8,6.2405,1.8908,1.0270000000000001,1.4,True,772.2,0.0,8.17,20.59,discharge-1500,5671.83
18,18,-0.750987246771676,0.6603167082440802,0.0,0.0,1.0,1.0,0.0,0.0,1117.86,30.26,100.0,1087.6,2000.0,0.0,3000.0,0.9,0.0,0.0,617.5999999999997,6.2405,1.8908,1.0270000000000001,1.4,True,912.4,0.0,2.71,0.0,discharge-1500,1853.0
19,19,0.14987720966295234,0.9887046181866692,0.0,1.0,0.0,1.0,0.0,0.0,1082.9,0.0,100.0,1082.9,2000.0,500.0,3000.0,0.9,0.0,500.0,0.0,6.2405,1.8908,1.0270000000000001,1.4,True,917.1,0.0,0.0,16.67,charge-500,-143.50999999999988
20,20,0.9129452507276277,0.40808206181339196,0.0,1.0,0.0,1.0,0.0,0.0,1139.3,0.0,100.0,1139.3,2000.0,1360.7,3000.0,0.9,0.0,860.7,0.0,6.2405,1.8908,1.0270000000000001,1.4,True,860.7,0.0,0.0,45.36,charge-1500,1187.3999999999999
21,21,0.8366556385360561,-0.5477292602242684,0.0,1.0,0.0,1.0,0.0,0.0,1074.1,0.0,100.0,1074.1,2000.0,2286.6,3000.0,0.9,0.0,925.9,0.0,6.2405,1.8908,1.0270000000000001,1.4,True,925.9,0.0,0.0,76.22,charge-1500,1277.35
22,22,-0.008851309290403876,-0.9999608263946371,1.0,0.0,0.0,1.0,0.0,0.0,1126.2,0.0,100.0,1126.2,2000.0,3000.0,3000.0,0.9,0.0,713.4000000000003,0.0,6.2405,1.8908,1.0270000000000001,1.4,True,873.8,0.0,0.0,100.0,charge-1500,877.73
23,23,-0.8462204041751706,-0.5328330203333975,1.0,0.0,0.0,1.0,0.0,0.0,1438.5,0.0,100.0,1438.5,2000.0,3000.0,3000.0,0.9,0.0,0.0,0.0,6.2405,1.8908,1.0270000000000001,1.4,True,561.5,0.0,0.0,100.0,charge-1000,-1000.0
24,24,0.0,1.0,1.0,0.0,0.0,1.0,0.0,0.0,1255.3,0.0,100.0,1255.3,2000.0,3000.0,3000.0,0.9,0.0,2.2737367544323206e-13,0.0,6.2405,1.8908,1.0270000000000001,1.4,True,744.7,0.0,0.0,100.0,charge-1500,-1000.0
25,25,0.8414709848078965,0.5403023058681398,1.0,0.0,0.0,1.0,0.0,0.0,1339.7,0.0,100.0,1339.7,2000.0,3000.0,3000.0,0.9,-0.0,-2.2737367544323206e-13,0.0,6.2405,1.8908,1.0270000000000001,1.4,True,660.3,0.0,0.0,100.0,charge-1000,-1000.0
26,26,0.9092974268256817,-0.4161468365471424,1.0,0.0,0.0,1.0,0.0,0.0,1292.2,0.0,100.0,1292.2,2000.0,3000.0,3000.0,0.9,0.0,0.0,0.0,6.2405,1.8908,1.0270000000000001,1.4,True,707.8,0.0,0.0,100.0,do-nothing,1000.0
27,27,0.1411200080598672,-0.9899924966004454,1.0,0.0,0.0,1.0,0.0,0.0,1201.4,0.0,100.0,1201.4,2000.0,3000.0,3000.0,0.9,0.0,1.1368683772161603e-13,0.0,6.2405,1.8908,1.0270000000000001,1.4,True,798.6,0.0,0.0,100.0,charge-1500,-1000.0
28,28,-0.7568024953079282,-0.6536436208636119,1.0,0.0,0.0,1.0,0.0,0.0,1159.9,0.0,100.0,1159.9,2000.0,3000.0,3000.0,0.9,0.0,1.1368683772161603e-13,0.0,6.2405,1.8908,1.0270000000000001,1.4,True,840.1,0.0,0.0,100.0,charge-1000,-1000.0
29,29,-0.9589242746631385,0.28366218546322625,1.0,0.0,0.0,1.0,0.0,0.0,1147.87,10.97,100.0,1136.9,2000.0,3000.0,3000.0,0.9,0.0,0.0,0.0,6.2405,1.8908,1.0270000000000001,1.4,True,863.1,0.0,0.96,100.0,do-nothing,1000.0
30,30,-0.27941549819892586,0.960170286650366,0.0,0.0,1.0,1.0,0.0,0.0,1269.61,102.91,100.0,1166.7,2000.0,1833.3,3000.0,0.9,0.0,0.0,1166.7,6.2405,1.8908,1.0270000000000001,1.4,True,833.3,0.0,8.11,61.11,discharge-1500,5389.57
31,31,0.6569865987187891,0.7539022543433046,0.0,0.0,1.0,1.0,0.0,0.0,1284.45,212.85,100.0,1071.6,2000.0,761.7,3000.0,0.9,0.0,0.0,1071.6,6.2405,1.8908,1.0270000000000001,1.4,True,928.4,0.0,16.57,25.39,discharge-1500,4950.26
32,32,0.9893582466233818,-0.14550003380861354,0.0,0.0,1.0,1.0,0.0,0.0,1302.3,310.7,100.0,991.6,2000.0,0.0,3000.0,0.9,0.0,0.0,761.7,6.2405,1.8908,1.0270000000000001,1.4,True,1008.4,0.0,23.86,0.0,discharge-1500,2518.67
33,33,0.4121184852417566,-0.9111302618846769,0.0,1.0,0.0,1.0,0.0,0.0,1350.16,496.26,100.0,853.9,2000.0,1146.1,3000.0,0.9,0.0,1146.1,0.0,6.2405,1.8908,1.0270000000000001,1.4,True,1146.1,0.0,36.76,38.2,charge-1500,1581.1299999999997
34,34,-0.5440211108893698,-0.8390715290764524,0.0,1.0,0.0,1.0,0.0,0.0,1295.3,969.0,100.0,326.3,2000.0,2646.1,3000.0,0.9,0.0,1500.0,0.0,6.2405,1.8908,1.0270000000000001,1.4,True,1673.7,0.0,74.81,88.2,charge-1500,2951.3600000000006
35,35,-0.9999902065507035,0.004425697988050785,0.0,1.0,0.0,1.0,0.0,0.0,1393.6,884.5,87.701,509.1,2000.0,3000.0,3000.0,0.9,29.265170666666638,324.634829333333,0.0,6.2405,1.8908,1.0270000000000001,1.4,True,1490.9,124.04,63.47,100.0,charge-1500,-556.24
36,36,-0.5365729180004349,0.8438539587324921,0.0,1.0,0.0,1.0,0.0,0.0,1341.7,404.0,98.86,937.7,2000.0,3000.0,3000.0,0.9,0.0,0.0,0.0,6.2405,1.8908,1.0270000000000001,1.4,True,1062.3,4.66,30.11,100.0,do-nothing,1000.0
37,37,0.4201670368266409,0.9074467814501962,0.0,1.0,0.0,1.0,0.0,0.0,1191.6,256.0,96.312,935.6,2000.0,3000.0,3000.0,0.9,0.0,0.0,0.0,6.2405,1.8908,1.0270000000000001,1.4,True,1064.4,9.8,21.48,100.0,do-nothing,1000.0
38,38,0.9906073556948704,0.1367372182078336,0.0,1.0,0.0,1.0,0.0,0.0,1292.7,667.0,97.233,625.7,2000.0,3000.0,3000.0,0.9,3.097404943667134e-15,2.2427627049956492e-13,0.0,6.2405,1.8908,1.0270000000000001,1.4,True,1374.3,18.98,51.6,100.0,charge-1500,-1000.0
39,39,0.6502878401571168,-0.7596879128588213,0.0,1.0,0.0,1.0,0.0,0.0,1272.6,664.2,99.667,608.4,2000.0,3000.0,3000.0,0.9,0.0,0.0,0.0,6.2405,1.8908,1.0270000000000001,1.4,True,1391.6,2.22,52.19,100.0,do-nothing,1000.0
40,40,-0.2879033166650653,-0.9576594803233847,0.0,1.0,0.0,1.0,0.0,0.0,1191.5,422.7,100.0,768.8,2000.0,3000.0,3000.0,0.9,0.0,0.0,0.0,6.2405,1.8908,1.0270000000000001,1.4,True,1231.2,0.0,35.48,100.0,do-nothing,1000.0
41,41,-0.9613974918795568,-0.27516333805159693,0.0,0.0,1.0,1.0,0.0,0.0,1056.4,123.6,100.0,932.8,2000.0,2067.2,3000.0,0.9,0.0,0.0,932.8,6.2405,1.8908,1.0270000000000001,1.4,True,1067.2,0.0,11.7,68.91,discharge-1500,4309.070000000001
42,42,-0.750987246771676,0.6603167082440802,0.0,0.0,1.0,1.0,0.0,0.0,986.65,11.85,100.0,974.8,2000.0,1092.3999999999999,3000.0,0.9,0.0,0.0,974.8,6.2405,1.8908,1.0270000000000001,1.4,True,1025.2,0.0,1.2,36.41,discharge-1500,4503.09
43,43,0.14987720966295234,0.9887046181866692,0.0,1.0,0.0,1.0,0.0,0.0,971.7,0.0,100.0,971.7,2000.0,1592.3999999999999,3000.0,0.9,0.0,500.0,0.0,6.2405,1.8908,1.0270000000000001,1.4,True,1028.3,0.0,0.0,53.08,charge-500,689.7900000000001
44,44,0.9129452507276277,0.40808206181339196,0.0,1.0,0.0,1.0,0.0,0.0,1000.6,0.0,100.0,1000.6,2000.0,2591.7999999999997,3000.0,0.9,0.0,999.4,0.0,6.2405,1.8908,1.0270000000000001,1.4,True,999.4,0.0,0.0,86.39,charge-1000,2242.64
45,45,0.8366556385360561,-0.5477292602242684,0.0,1.0,0.0,1.0,0.0,0.0,1001.0,0.0,100.0,1001.0,2000.0,3000.0,3000.0,0.9,0.0,408.2000000000003,0.0,6.2405,1.8908,1.0270000000000001,1.4,True,999.0,0.0,0.0,100.0,charge-1000,-436.85
46,46,-0.008851309290403876,-0.9999608263946371,1.0,0.0,0.0,1.0,0.0,0.0,1146.6,0.0,100.0,1146.6,2000.0,3000.0,3000.0,0.9,-0.0,-1.1368683772161603e-13,0.0,6.2405,1.8908,1.0270000000000001,1.4,True,853.4,0.0,0.0,100.0,charge-1000,-1000.0
47,47,-0.8462204041751706,-0.5328330203333975,1.0,0.0,0.0,1.0,0.0,0.0,1461.2,0.0,100.0,1461.2,2000.0,3000.0,3000.0,0.9,0.0,0.0,0.0,6.2405,1.8908,1.0270000000000001,1.4,True,538.8,0.0,0.0,100.0,do-nothing,1000.0
48,48,0.0,1.0,1.0,0.0,0.0,1.0,0.0,0.0,1343.2,0.0,100.0,1343.2,2000.0,3000.0,3000.0,0.9,-0.0,-2.2737367544323206e-13,0.0,6.2405,1.8908,1.0270000000000001,1.4,True,656.8,0.0,0.0,100.0,charge-1500,-1000.0
49,49,0.8414709848078965,0.5403023058681398,1.0,0.0,0.0,1.0,0.0,0.0,1408.0,0.0,100.0,1408.0,2000.0,3000.0,3000.0,0.9,0.0,0.0,0.0,6.2405,1.8908,1.0270000000000001,1.4,True,592.0,0.0,0.0,100.0,do-nothing,1000.0
50,50,0.9092974268256817,-0.4161468365471424,1.0,0.0,0.0,1.0,0.0,0.0,1369.9,0.0,100.0,1369.9,2000.0,3000.0,3000.0,0.9,0.0,1.1368683772161603e-13,0.0,6.2405,1.8908,1.0270000000000001,1.4,True,630.1,0.0,0.0,100.0,charge-1000,-1000.0
51,51,0.1411200080598672,-0.9899924966004454,1.0,0.0,0.0,1.0,0.0,0.0,1188.5,0.0,100.0,1188.5,2000.0,3000.0,3000.0,0.9,0.0,0.0,0.0,6.2405,1.8908,1.0270000000000001,1.4,True,811.5,0.0,0.0,100.0,do-nothing,1000.0
52,52,-0.7568024953079282,-0.6536436208636119,1.0,0.0,0.0,1.0,0.0,0.0,1210.4,0.0,100.0,1210.4,2000.0,3000.0,3000.0,0.9,0.0,1.1368683772161603e-13,0.0,6.2405,1.8908,1.0270000000000001,1.4,True,789.6,0.0,0.0,100.0,charge-1500,-1000.0
53,53,-0.9589242746631385,0.28366218546322625,1.0,0.0,0.0,1.0,0.0,0.0,1249.42,37.52,100.0,1211.9,2000.0,3000.0,3000.0,0.9,0.0,0.0,0.0,6.2405,1.8908,1.0270000000000001,1.4,True,788.1,0.0,3.0,100.0,do-nothing,1000.0
54,54,-0.27941549819892586,0.960170286650366,0.0,0.0,1.0,1.0,0.0,0.0,1326.6,224.4,100.0,1102.2,2000.0,1897.8,3000.0,0.9,0.0,0.0,1102.2,6.2405,1.8908,1.0270000000000001,1.4,True,897.8,0.0,16.92,63.26,discharge-1500,5091.61
55,55,0.6569865987187891,0.7539022543433046,0.0,0.0,1.0,1.0,0.0,0.0,1384.5,479.8,100.0,904.7,2000.0,993.0999999999999,3000.0,0.9,0.0,0.0,904.7,6.2405,1.8908,1.0270000000000001,1.4,True,1095.3,0.0,34.66,33.1,discharge-1000,4179.26
56,56,0.9893582466233818,-0.14550003380861354,0.0,0.0,1.0,1.0,0.0,0.0,1396.9,845.2,100.0,551.7,2000.0,441.39999999999986,3000.0,0.9,0.0,0.0,551.7,6.2405,1.8908,1.0270000000000001,1.4,True,1448.3,0.0,60.51,14.71,discharge-1500,1695.67
57,57,0.4121184852417566,-0.9111302618846769,0.0,1.0,0.0,1.0,0.0,0.0,1329.5,1095.6,100.0,233.9,2000.0,1941.3999999999999,3000.0,0.9,0.0,1500.0,0.0,6.2405,1.8908,1.0270000000000001,1.4,True,1766.1,0.0,82.41,64.71,charge-1500,2069.3600000000006
58,58,-0.5440211108893698,-0.8390715290764524,0.0,1.0,0.0,1.0,0.0,0.0,1426.0,1266.3,99.998,159.7,2000.0,3000.0,3000.0,0.9,0.021172000000000007,1058.5788280000004,0.0,6.2405,1.8908,1.0270000000000001,1.4,True,1840.3,0.03,88.8,100.0,charge-1500,460.3900000000001
59,59,-0.9999902065507035,0.004425697988050785,0.0,1.0,0.0,1.0,0.0,0.0,1546.1,1063.6,97.83,482.5,2000.0,3000.0,3000.0,0.9,0.0,0.0,0.0,6.2405,1.8908,1.0270000000000001,1.4,True,1517.5,23.59,68.79,100.0,do-nothing,1000.0
60,60,-0.5365729180004349,0.8438539587324921,0.0,1.0,0.0,1.0,0.0,0.0,1491.5,1095.3,99.41,396.2,2000.0,3000.0,3000.0,0.9,0.0,0.0,0.0,6.2405,1.8908,1.0270000000000001,1.4,True,1603.8,6.5,73.44,100.0,do-nothing,1000.0
61,61,0.4201670368266409,0.9074467814501962,0.0,1.0,0.0,1.0,0.0,0.0,1489.5,1125.7,95.311,363.8,2000.0,3000.0,3000.0,0.9,0.0,0.0,0.0,6.2405,1.8908,1.0270000000000001,1.4,True,1636.2,55.38,75.58,100.0,do-nothing,1000.0
62,62,0.9906073556948704,0.1367372182078336,0.0,1.0,0.0,1.0,0.0,0.0,1436.9,1057.2,98.905,379.7,2000.0,3000.0,3000.0,0.9,0.0,0.0,0.0,6.2405,1.8908,1.0270000000000001,1.4,True,1620.3,11.7,73.58,100.0,do-nothing,1000.0
63,63,0.6502878401571168,-0.7596879128588213,0.0,1.0,0.0,1.0,0.0,0.0,1151.4,478.4,100.0,673.0,2000.0,3000.0,3000.0,0.9,0.0,0.0,0.0,6.2405,1.8908,1.0270000000000001,1.4,True,1327.0,0.0,41.55,100.0,do-nothing,1000.0
64,64,-0.2879033166650653,-0.9576594803233847,0.0,1.0,0.0,1.0,0.0,0.0,1296.1,345.1,95.759,951.0,2000.0,3000.0,3000.0,0.9,0.0,0.0,0.0,6.2405,1.8908,1.0270000000000001,1.4,True,1049.0,15.28,26.63,100.0,do-nothing,1000.0
65,65,-0.9613974918795568,-0.27516333805159693,0.0,0.0,1.0,1.0,0.0,0.0,1144.1,156.9,100.0,987.2,2000.0,2012.8,3000.0,0.9,0.0,0.0,987.2,6.2405,1.8908,1.0270000000000001,1.4,True,1012.8,0.0,13.71,67.09,discharge-1500,4560.37
66,66,-0.750987246771676,0.6603167082440802,0.0,0.0,1.0,1.0,0.0,0.0,1064.02,16.52,100.0,1047.5,2000.0,965.3,3000.0,0.9,0.0,0.0,1047.5,6.2405,1.8908,1.0270000000000001,1.4,True,952.5,0.0,1.55,32.18,discharge-1500,4838.92
67,67,0.14987720966295234,0.9887046181866692,0.0,1.0,0.0,1.0,0.0,0.0,1038.4,0.0,100.0,1038.4,2000.0,1926.9,3000.0,0.9,0.0,961.6,0.0,6.2405,1.8908,1.0270000000000001,1.4,True,961.6,0.0,0.0,64.23,charge-1500,1326.6
68,68,0.9129452507276277,0.40808206181339196,0.0,1.0,0.0,1.0,0.0,0.0,1261.3,0.0,100.0,1261.3,2000.0,2665.6000000000004,3000.0,0.9,0.0,738.7,0.0,6.2405,1.8908,1.0270000000000001,1.4,True,738.7,0.0,0.0,88.85,charge-1000,1907.6
69,69,0.8366556385360561,-0.5477292602242684,0.0,1.0,0.0,1.0,0.0,0.0,1213.7,0.0,100.0,1213.7,2000.0,3000.0,3000.0,0.9,0.0,334.3999999999994,0.0,6.2405,1.8908,1.0270000000000001,1.4,True,786.3,0.0,0.0,100.0,charge-1500,-538.6700000000001
70,70,-0.008851309290403876,-0.9999608263946371,1.0,0.0,0.0,1.0,0.0,0.0,1512.5,0.0,100.0,1512.5,2000.0,3000.0,3000.0,0.9,0.0,0.0,0.0,6.2405,1.8908,1.0270000000000001,1.4,True,487.5,0.0,0.0,100.0,charge-1000,-1000.0
71,71,-0.8462204041751706,-0.5328330203333975,1.0,0.0,0.0,1.0,0.0,0.0,1463.7,0.0,100.0,1463.7,2000.0,3000.0,3000.0,0.9,0.0,0.0,0.0,6.2405,1.8908,1.0270000000000001,1.4,True,536.3,0.0,0.0,100.0,do-nothing,1000.0
72,72,0.0,1.0,1.0,0.0,0.0,1.0,0.0,0.0,1451.4,0.0,100.0,1451.4,2000.0,3000.0,3000.0,0.9,0.0,0.0,0.0,6.2405,1.8908,1.0270000000000001,1.4,True,548.6,0.0,0.0,100.0,do-nothing,1000.0
73,73,0.8414709848078965,0.5403023058681398,1.0,0.0,0.0,1.0,0.0,0.0,1435.7,0.0,100.0,1435.7,2000.0,3000.0,3000.0,0.9,-0.0,-2.2737367544323206e-13,0.0,6.2405,1.8908,1.0270000000000001,1.4,True,564.3,0.0,0.0,100.0,charge-1500,-1000.0
74,74,0.9092974268256817,-0.4161468365471424,1.0,0.0,0.0,1.0,0.0,0.0,1410.8,0.0,100.0,1410.8,2000.0,3000.0,3000.0,0.9,0.0,2.2737367544323206e-13,0.0,6.2405,1.8908,1.0270000000000001,1.4,True,589.2,0.0,0.0,100.0,charge-1000,-1000.0
75,75,0.1411200080598672,-0.9899924966004454,1.0,0.0,0.0,1.0,0.0,0.0,1293.5,0.0,100.0,1293.5,2000.0,3000.0,3000.0,0.9,0.0,0.0,0.0,6.2405,1.8908,1.0270000000000001,1.4,True,706.5,0.0,0.0,100.0,charge-1000,-1000.0
76,76,-0.7568024953079282,-0.6536436208636119,1.0,0.0,0.0,1.0,0.0,0.0,1289.0,0.0,100.0,1289.0,2000.0,3000.0,3000.0,0.9,0.0,0.0,0.0,6.2405,1.8908,1.0270000000000001,1.4,True,711.0,0.0,0.0,100.0,do-nothing,1000.0
77,77,-0.9589242746631385,0.28366218546322625,1.0,0.0,0.0,1.0,0.0,0.0,1404.97,21.57,100.0,1383.4,2000.0,3000.0,3000.0,0.9,0.0,0.0,0.0,6.2405,1.8908,1.0270000000000001,1.4,True,616.6,0.0,1.54,100.0,do-nothing,1000.0
78,78,-0.27941549819892586,0.960170286650366,0.0,0.0,1.0,1.0,0.0,0.0,1392.0,96.4,100.0,1295.6,2000.0,1704.4,3000.0,0.9,0.0,0.0,1295.6,6.2405,1.8908,1.0270000000000001,1.4,True,704.4,0.0,6.93,56.81,discharge-1500,5985.0199999999995
79,79,0.6569865987187891,0.7539022543433046,0.0,0.0,1.0,1.0,0.0,0.0,1406.6,225.1,100.0,1181.5,2000.0,522.9000000000001,3000.0,0.9,0.0,0.0,1181.5,6.2405,1.8908,1.0270000000000001,1.4,True,818.5,0.0,16.0,17.43,discharge-1500,4632.24
80,80,0.9893582466233818,-0.14550003380861354,0.0,0.0,1.0,1.0,0.0,0.0,1418.9,274.7,100.0,1144.2,2000.0,0.0,3000.0,0.9,0.0,0.0,522.9000000000001,6.2405,1.8908,1.0270000000000001,1.4,True,855.8,0.0,19.36,0.0,discharge-1500,1415.54
81,81,0.4121184852417566,-0.9111302618846769,0.0,1.0,0.0,1.0,0.0,0.0,1438.7,742.3,100.0,696.4,2000.0,1303.6,3000.0,0.9,0.0,1303.6,0.0,6.2405,1.8908,1.0270000000000001,1.4,True,1303.6,0.0,51.6,43.45,charge-1500,1798.4100000000003
82,82,-0.5440211108893698,-0.8390715290764524,0.0,1.0,0.0,1.0,0.0,0.0,1182.2,388.0,98.16,794.2,2000.0,2516.67,3000.0,0.9,7.27,1205.8,0.0,6.2405,1.8908,1.0270000000000001,1.4,True,1205.8,7.27,32.82,83.89,charge-1500,2501.38
83,83,-0.9999902065507035,0.004425697988050785,0.0,1.0,0.0,1.0,0.0,0.0,1516.9,726.6,100.0,790.3,2000.0,3000.0,3000.0,0.9,0.0,483.33000000000015,0.0,6.2405,1.8908,1.0270000000000001,1.4,True,1209.7,0.0,47.9,100.0,charge-1500,-333.2099999999999
84,84,-0.5365729180004349,0.8438539587324921,0.0,1.0,0.0,1.0,0.0,0.0,1523.5,681.0,100.0,842.5,2000.0,3000.0,3000.0,0.9,0.0,0.0,0.0,6.2405,1.8908,1.0270000000000001,1.4,True,1157.5,0.0,44.7,100.0,do-nothing,1000.0
85,85,0.4201670368266409,0.9074467814501962,0.0,1.0,0.0,1.0,0.0,0.0,1582.9,898.0,100.0,684.9,2000.0,3000.0,3000.0,0.9,0.0,0.0,0.0,6.2405,1.8908,1.0270000000000001,1.4,True,1315.1,0.0,56.73,100.0,do-nothing,1000.0
86,86,0.9906073556948704,0.1367372182078336,0.0,1.0,0.0,1.0,0.0,0.0,1596.1,934.5,100.0,661.6,2000.0,3000.0,3000.0,0.9,0.0,0.0,0.0,6.2405,1.8908,1.0270000000000001,1.4,True,1338.4,0.0,58.55,100.0,do-nothing,1000.0
87,87,0.6502878401571168,-0.7596879128588213,0.0,1.0,0.0,1.0,0.0,0.0,1441.5,560.5,100.0,881.0,2000.0,3000.0,3000.0,0.9,0.0,0.0,0.0,6.2405,1.8908,1.0270000000000001,1.4,True,1119.0,0.0,38.88,100.0,do-nothing,1000.0
88,88,-0.2879033166650653,-0.9576594803233847,0.0,1.0,0.0,1.0,0.0,0.0,1329.5,438.9,100.0,890.6,2000.0,3000.0,3000.0,0.9,0.0,0.0,0.0,6.2405,1.8908,1.0270000000000001,1.4,True,1109.4,0.0,33.01,100.0,do-nothing,1000.0
89,89,-0.9613974918795568,-0.27516333805159693,0.0,0.0,1.0,1.0,0.0,0.0,1030.5,95.0,100.0,935.5,2000.0,2064.5,3000.0,0.9,0.0,0.0,935.5,6.2405,1.8908,1.0270000000000001,1.4,True,1064.5,0.0,9.22,68.82,discharge-1500,4321.54
90,90,-0.750987246771676,0.6603167082440802,0.0,0.0,1.0,1.0,0.0,0.0,1110.82,7.62,100.0,1103.2,2000.0,961.3,3000.0,0.9,0.0,0.0,1103.2,6.2405,1.8908,1.0270000000000001,1.4,True,896.8,0.0,0.69,32.04,discharge-1500,5096.2300000000005
91,91,0.14987720966295234,0.9887046181866692,0.0,1.0,0.0,1.0,0.0,0.0,1085.6,0.0,100.0,1085.6,2000.0,1875.6999999999998,3000.0,0.9,0.0,914.4,0.0,6.2405,1.8908,1.0270000000000001,1.4,True,914.4,0.0,0.0,62.52,charge-1500,1261.4799999999998
92,92,0.9129452507276277,0.40808206181339196,0.0,1.0,0.0,1.0,0.0,0.0,939.9,0.0,100.0,939.9,2000.0,2935.7999999999997,3000.0,0.9,0.0,1060.1,0.0,6.2405,1.8908,1.0270000000000001,1.4,True,1060.1,0.0,0.0,97.86,charge-1500,483.88
93,93,0.8366556385360561,-0.5477292602242684,0.0,1.0,0.0,1.0,0.0,0.0,1507.6,0.0,100.0,1507.6,2000.0,3000.0,3000.0,0.9,0.0,64.20000000000016,0.0,6.2405,1.8908,1.0270000000000001,1.4,True,492.4,0.0,0.0,100.0,charge-500,-911.43
94,94,-0.008851309290403876,-0.9999608263946371,1.0,0.0,0.0,1.0,0.0,0.0,1139.5,0.0,100.0,1139.5,2000.0,3000.0,3000.0,0.9,0.0,0.0,0.0,6.2405,1.8908,1.0270000000000001,1.4,True,860.5,0.0,0.0,100.0,charge-1500,-1000.0
95,95,-0.8462204041751706,-0.5328330203333975,1.0,0.0,0.0,1.0,0.0,0.0,1644.6,0.0,100.0,1644.6,2000.0,3000.0,3000.0,0.9,0.0,0.0,0.0,6.2405,1.8908,1.0270000000000001,1.4,True,355.4,0.0,0.0,100.0,do-nothing,1000.0
96,96,0.0,1.0,1.0,0.0,0.0,1.0,0.0,0.0,1273.9,0.0,100.0,1273.9,2000.0,3000.0,3000.0,0.9,0.0,1.1368683772161603e-13,0.0,6.2405,1.8908,1.0270000000000001,1.4,True,726.1,0.0,0.0,100.0,charge-1000,-1000.0
97,97,0.8414709848078965,0.5403023058681398,1.0,0.0,0.0,1.0,0.0,0.0,1480.4,0.0,100.0,1480.4,2000.0,3000.0,3000.0,0.9,0.0,0.0,0.0,6.2405,1.8908,1.0270000000000001,1.4,True,519.6,0.0,0.0,100.0,charge-500,-1000.0
98,98,0.9092974268256817,-0.4161468365471424,1.0,0.0,0.0,1.0,0.0,0.0,1558.2,0.0,100.0,1558.2,2000.0,3000.0,3000.0,0.9,0.0,0.0,0.0,6.2405,1.8908,1.0270000000000001,1.4,True,441.8,0.0,0.0,100.0,do-nothing,1000.0
99,99,0.1411200080598672,-0.9899924966004454,1.0,0.0,0.0,1.0,0.0,0.0,1322.4,0.0,100.0,1322.4,2000.0,3000.0,3000.0,0.9,0.0,1.1368683772161603e-13,0.0,6.2405,1.8908,1.0270000000000001,1.4,True,677.6,0.0,0.0,100.0,charge-1000,-1000.0
100,100,-0.7568024953079282,-0.6536436208636119,1.0,0.0,0.0,1.0,0.0,0.0,1286.5,0.0,100.0,1286.5,2000.0,3000.0,3000.0,0.9,0.0,0.0,0.0,6.2405,1.8908,1.0270000000000001,1.4,True,713.5,0.0,0.0,100.0,do-nothing,1000.0
101,101,-0.9589242746631385,0.28366218546322625,1.0,0.0,0.0,1.0,0.0,0.0,1519.19,13.29,100.0,1505.9,2000.0,3000.0,3000.0,0.9,0.0,0.0,0.0,6.2405,1.8908,1.0270000000000001,1.4,True,494.1,0.0,0.87,100.0,do-nothing,1000.0
102,102,-0.27941549819892586,0.960170286650366,0.0,0.0,1.0,1.0,0.0,0.0,1424.8,88.3,100.0,1336.5,2000.0,1663.5,3000.0,0.9,0.0,0.0,1336.5,6.2405,1.8908,1.0270000000000001,1.4,True,663.5,0.0,6.2,55.45,discharge-1500,6173.960000000001
103,103,0.6569865987187891,0.7539022543433046,0.0,0.0,1.0,1.0,0.0,0.0,1105.7,176.4,100.0,929.3,2000.0,734.2,3000.0,0.9,0.0,0.0,929.3,6.2405,1.8908,1.0270000000000001,1.4,True,1070.7,0.0,15.95,24.47,discharge-1500,4292.9
104,104,0.9893582466233818,-0.14550003380861354,0.0,0.0,1.0,1.0,0.0,0.0,1652.7,368.7,100.0,1284.0,2000.0,0.0,3000.0,0.9,0.0,0.0,734.2,6.2405,1.8908,1.0270000000000001,1.4,True,716.0,0.0,22.31,0.0,discharge-1500,2391.6399999999994
105,105,0.4121184852417566,-0.9111302618846769,0.0,1.0,0.0,1.0,0.0,0.0,1114.9,538.7,100.0,576.2,2000.0,1423.8,3000.0,0.9,0.0,1423.8,0.0,6.2405,1.8908,1.0270000000000001,1.4,True,1423.8,0.0,48.32,47.46,charge-1500,1964.2399999999998
106,106,-0.5440211108893698,-0.8390715290764524,0.0,1.0,0.0,1.0,0.0,0.0,1590.6,278.1,94.692,1312.5,2000.0,2126.89,3000.0,0.9,15.59,687.5,0.0,6.2405,1.8908,1.0270000000000001,1.4,True,687.5,15.59,17.48,70.9,charge-1500,946.2800000000002
107,107,-0.9999902065507035,0.004425697988050785,0.0,1.0,0.0,1.0,0.0,0.0,1064.15,385.65,96.519,678.5,2000.0,3000.0,3000.0,0.9,9.094555305112285,864.0154446948876,0.0,6.2405,1.8908,1.0270000000000001,1.4,True,1321.5,13.91,36.24,100.0,charge-1500,190.70000000000005
108,108,-0.5365729180004349,0.8438539587324921,0.0,1.0,0.0,1.0,0.0,0.0,1618.85,500.65,100.0,1118.2,2000.0,3000.0,3000.0,0.9,-0.0,-2.2737367544323206e-13,0.0,6.2405,1.8908,1.0270000000000001,1.4,True,881.8,0.0,30.93,100.0,charge-1000,-1000.0
109,109,0.4201670368266409,0.9074467814501962,0.0,1.0,0.0,1.0,0.0,0.0,1484.44,298.04,100.0,1186.4,2000.0,3000.0,3000.0,0.9,0.0,0.0,0.0,6.2405,1.8908,1.0270000000000001,1.4,True,813.6,0.0,20.08,100.0,do-nothing,1000.0
110,110,0.9906073556948704,0.1367372182078336,0.0,1.0,0.0,1.0,0.0,0.0,1476.42,444.62,100.0,1031.8,2000.0,3000.0,3000.0,0.9,0.0,2.2737367544323206e-13,0.0,6.2405,1.8908,1.0270000000000001,1.4,True,968.2,0.0,30.11,100.0,charge-1500,-1000.0
111,111,0.6502878401571168,-0.7596879128588213,0.0,1.0,0.0,1.0,0.0,0.0,1445.49,370.79,100.0,1074.7,2000.0,3000.0,3000.0,0.9,0.0,0.0,0.0,6.2405,1.8908,1.0270000000000001,1.4,True,925.3,0.0,25.65,100.0,do-nothing,1000.0
112,112,-0.2879033166650653,-0.9576594803233847,0.0,1.0,0.0,1.0,0.0,0.0,1213.7,185.3,100.0,1028.4,2000.0,3000.0,3000.0,0.9,0.0,0.0,0.0,6.2405,1.8908,1.0270000000000001,1.4,True,971.6,0.0,15.27,100.0,do-nothing,1000.0
113,113,-0.9613974918795568,-0.27516333805159693,0.0,0.0,1.0,1.0,0.0,0.0,1288.05,84.85,100.0,1203.2,2000.0,1796.8,3000.0,0.9,0.0,0.0,1203.2,6.2405,1.8908,1.0270000000000001,1.4,True,796.8,0.0,6.59,59.89,discharge-1500,5558.179999999999
114,114,-0.750987246771676,0.6603167082440802,0.0,0.0,1.0,1.0,0.0,0.0,1158.13,6.63,100.0,1151.5,2000.0,645.3,3000.0,0.9,0.0,0.0,1151.5,6.2405,1.8908,1.0270000000000001,1.4,True,848.5,0.0,0.57,21.51,discharge-1500,5319.36
115,115,0.14987720966295234,0.9887046181866692,0.0,1.0,0.0,1.0,0.0,0.0,1219.6,0.0,100.0,1219.6,2000.0,1425.6999999999998,3000.0,0.9,0.0,780.4,0.0,6.2405,1.8908,1.0270000000000001,1.4,True,780.4,0.0,0.0,47.52,charge-1500,1076.62
116,116,0.9129452507276277,0.40808206181339196,0.0,1.0,0.0,1.0,0.0,0.0,1250.4,0.0,100.0,1250.4,2000.0,2175.2999999999997,3000.0,0.9,0.0,749.6,0.0,6.2405,1.8908,1.0270000000000001,1.4,True,749.6,0.0,0.0,72.51,charge-1000,1034.1299999999999
117,117,0.8366556385360561,-0.5477292602242684,0.0,1.0,0.0,1.0,0.0,0.0,1184.0,0.0,100.0,1184.0,2000.0,2991.2999999999997,3000.0,0.9,0.0,816.0,0.0,6.2405,1.8908,1.0270000000000001,1.4,True,816.0,0.0,0.0,99.71,charge-1500,128.64
118,118,-0.008851309290403876,-0.9999608263946371,1.0,0.0,0.0,1.0,0.0,0.0,1158.3,0.0,100.0,1158.3,2000.0,3000.0,3000.0,0.9,0.0,8.700000000000045,0.0,6.2405,1.8908,1.0270000000000001,1.4,True,841.7,0.0,0.0,100.0,charge-1500,-977.1
119,119,-0.8462204041751706,-0.5328330203333975,1.0,0.0,0.0,1.0,0.0,0.0,1572.6,0.0,100.0,1572.6,2000.0,3000.0,3000.0,0.9,0.0,0.0,0.0,6.2405,1.8908,1.0270000000000001,1.4,True,427.4,0.0,0.0,100.0,do-nothing,1000.0
120,120,0.0,1.0,1.0,0.0,0.0,0.0,1.0,0.0,1403.2,0.0,100.0,1403.2,2000.0,3000.0,3000.0,0.9,0.0,0.0,0.0,6.2405,1.8908,1.0270000000000001,1.4,True,596.8,0.0,0.0,100.0,do-nothing,1000.0
121,121,0.8414709848078965,0.5403023058681398,1.0,0.0,0.0,0.0,1.0,0.0,1481.2,0.0,100.0,1481.2,2000.0,3000.0,3000.0,0.9,0.0,0.0,0.0,6.2405,1.8908,1.0270000000000001,1.4,True,518.8,0.0,0.0,100.0,charge-500,-1000.0
122,122,0.9092974268256817,-0.4161468365471424,1.0,0.0,0.0,0.0,1.0,0.0,1468.4,0.0,100.0,1468.4,2000.0,3000.0,3000.0,0.9,0.0,1.1368683772161603e-13,0.0,6.2405,1.8908,1.0270000000000001,1.4,True,531.6,0.0,0.0,100.0,charge-1000,-1000.0
123,123,0.1411200080598672,-0.9899924966004454,1.0,0.0,0.0,0.0,1.0,0.0,1365.7,0.0,100.0,1365.7,2000.0,3000.0,3000.0,0.9,0.0,0.0,0.0,6.2405,1.8908,1.0270000000000001,1.4,True,634.3,0.0,0.0,100.0,do-nothing,1000.0
124,124,-0.7568024953079282,-0.6536436208636119,1.0,0.0,0.0,0.0,1.0,0.0,1253.9,0.0,100.0,1253.9,2000.0,3000.0,3000.0,0.9,0.0,1.1368683772161603e-13,0.0,6.2405,1.8908,1.0270000000000001,1.4,True,746.1,0.0,0.0,100.0,charge-1000,-1000.0
125,125,-0.9589242746631385,0.28366218546322625,1.0,0.0,0.0,0.0,1.0,0.0,1179.48,0.48,100.0,1179.0,2000.0,3000.0,3000.0,0.9,0.0,0.0,0.0,6.2405,1.8908,1.0270000000000001,1.4,True,821.0,0.0,0.04,100.0,charge-1000,-1000.0
126,126,-0.27941549819892586,0.960170286650366,1.0,0.0,0.0,0.0,1.0,0.0,1335.14,5.24,100.0,1329.9,2000.0,3000.0,3000.0,0.9,0.0,0.0,0.0,6.2405,1.8908,1.0270000000000001,1.4,True,670.1,0.0,0.39,100.0,do-nothing,1000.0
127,127,0.6569865987187891,0.7539022543433046,0.0,1.0,0.0,0.0,1.0,0.0,1146.31,30.41,100.0,1115.9,2000.0,3000.0,3000.0,0.9,0.0,0.0,0.0,6.2405,1.8908,1.0270000000000001,1.4,True,884.1,0.0,2.65,100.0,do-nothing,1000.0
128,128,0.9893582466233818,-0.14550003380861354,0.0,1.0,0.0,0.0,1.0,0.0,1062.9,88.5,100.0,974.4,2000.0,3000.0,3000.0,0.9,0.0,0.0,0.0,6.2405,1.8908,1.0270000000000001,1.4,True,1025.6,0.0,8.33,100.0,do-nothing,1000.0
129,129,0.4121184852417566,-0.9111302618846769,0.0,1.0,0.0,0.0,1.0,0.0,946.6,188.6,100.0,758.0,2000.0,3000.0,3000.0,0.9,0.0,0.0,0.0,6.2405,1.8908,1.0270000000000001,1.4,True,1242.0,0.0,19.92,100.0,do-nothing,1000.0
130,130,-0.5440211108893698,-0.8390715290764524,0.0,1.0,0.0,0.0,1.0,0.0,1077.01,208.71,100.0,868.3,2000.0,3000.0,3000.0,0.9,0.0,0.0,0.0,6.2405,1.8908,1.0270000000000001,1.4,True,1131.7,0.0,19.38,100.0,do-nothing,1000.0
131,131,-0.9999902065507035,0.004425697988050785,0.0,1.0,0.0,0.0,1.0,0.0,867.94,361.74,100.0,506.2,2000.0,3000.0,3000.0,0.9,0.0,0.0,0.0,6.2405,1.8908,1.0270000000000001,1.4,True,1493.8,0.0,41.68,100.0,do-nothing,1000.0
132,132,-0.5365729180004349,0.8438539587324921,0.0,1.0,0.0,0.0,1.0,0.0,780.76,219.96,100.0,560.8,2000.0,3000.0,3000.0,0.9,0.0,0.0,0.0,6.2405,1.8908,1.0270000000000001,1.4,True,1439.2,0.0,28.17,100.0,do-nothing,1000.0
133,133,0.4201670368266409,0.9074467814501962,0.0,1.0,0.0,0.0,1.0,0.0,832.61,335.11,100.0,497.5,2000.0,3000.0,3000.0,0.9,0.0,0.0,0.0,6.2405,1.8908,1.0270000000000001,1.4,True,1502.5,0.0,40.25,100.0,do-nothing,1000.0
134,134,0.9906073556948704,0.1367372182078336,0.0,1.0,0.0,0.0,1.0,0.0,666.02,268.92,100.0,397.1,2000.0,3000.0,3000.0,0.9,0.0,0.0,0.0,6.2405,1.8908,1.0270000000000001,1.4,True,1602.9,0.0,40.38,100.0,do-nothing,1000.0
135,135,0.6502878401571168,-0.7596879128588213,0.0,1.0,0.0,0.0,1.0,0.0,701.02,148.22,100.0,552.8,2000.0,3000.0,3000.0,0.9,0.0,0.0,0.0,6.2405,1.8908,1.0270000000000001,1.4,True,1447.2,0.0,21.14,100.0,do-nothing,1000.0
136,136,-0.2879033166650653,-0.9576594803233847,0.0,1.0,0.0,0.0,1.0,0.0,626.4,71.0,100.0,555.4,2000.0,3000.0,3000.0,0.9,0.0,0.0,0.0,6.2405,1.8908,1.0270000000000001,1.4,True,1444.6,0.0,11.33,100.0,do-nothing,1000.0
137,137,-0.9613974918795568,-0.27516333805159693,0.0,1.0,0.0,0.0,1.0,0.0,670.39,42.29,100.0,628.1,2000.0,3000.0,3000.0,0.9,0.0,0.0,0.0,6.2405,1.8908,1.0270000000000001,1.4,True,1371.9,0.0,6.31,100.0,do-nothing,1000.0
138,138,-0.750987246771676,0.6603167082440802,0.0,1.0,0.0,0.0,1.0,0.0,667.33,2.53,100.0,664.8,2000.0,3000.0,3000.0,0.9,0.0,0.0,0.0,6.2405,1.8908,1.0270000000000001,1.4,True,1335.2,0.0,0.38,100.0,do-nothing,1000.0
139,139,0.14987720966295234,0.9887046181866692,0.0,1.0,0.0,0.0,1.0,0.0,573.0,0.0,100.0,573.0,2000.0,3000.0,3000.0,0.9,0.0,0.0,0.0,6.2405,1.8908,1.0270000000000001,1.4,True,1427.0,0.0,0.0,100.0,do-nothing,1000.0
140,140,0.9129452507276277,0.40808206181339196,1.0,0.0,0.0,0.0,1.0,0.0,589.1,0.0,100.0,589.1,2000.0,3000.0,3000.0,0.9,0.0,0.0,0.0,6.2405,1.8908,1.0270000000000001,1.4,True,1410.9,0.0,0.0,100.0,do-nothing,1000.0
141,141,0.8366556385360561,-0.5477292602242684,1.0,0.0,0.0,0.0,1.0,0.0,603.1,0.0,100.0,603.1,2000.0,3000.0,3000.0,0.9,0.0,0.0,0.0,6.2405,1.8908,1.0270000000000001,1.4,True,1396.9,0.0,0.0,100.0,do-nothing,1000.0
142,142,-0.008851309290403876,-0.9999608263946371,1.0,0.0,0.0,0.0,1.0,0.0,584.8,0.0,100.0,584.8,2000.0,3000.0,3000.0,0.9,0.0,0.0,0.0,6.2405,1.8908,1.0270000000000001,1.4,True,1415.2,0.0,0.0,100.0,do-nothing,1000.0
143,143,-0.8462204041751706,-0.5328330203333975,1.0,0.0,0.0,0.0,1.0,0.0,654.4,0.0,100.0,654.4,2000.0,3000.0,3000.0,0.9,0.0,0.0,0.0,6.2405,1.8908,1.0270000000000001,1.4,True,1345.6,0.0,0.0,100.0,do-nothing,1000.0
144,144,0.0,1.0,1.0,0.0,0.0,0.0,0.0,1.0,605.8,0.0,100.0,605.8,2000.0,3000.0,3000.0,0.9,0.0,0.0,0.0,6.2405,1.8908,1.0270000000000001,1.4,True,1394.2,0.0,0.0,100.0,do-nothing,1000.0
145,145,0.8414709848078965,0.5403023058681398,1.0,0.0,0.0,0.0,0.0,1.0,604.8,0.0,100.0,604.8,2000.0,3000.0,3000.0,0.9,0.0,0.0,0.0,6.2405,1.8908,1.0270000000000001,1.4,True,1395.2,0.0,0.0,100.0,do-nothing,1000.0
146,146,0.9092974268256817,-0.4161468365471424,1.0,0.0,0.0,0.0,0.0,1.0,641.1,0.0,100.0,641.1,2000.0,3000.0,3000.0,0.9,0.0,0.0,0.0,6.2405,1.8908,1.0270000000000001,1.4,True,1358.9,0.0,0.0,100.0,do-nothing,1000.0
147,147,0.1411200080598672,-0.9899924966004454,1.0,0.0,0.0,0.0,0.0,1.0,599.9,0.0,100.0,599.9,2000.0,3000.0,3000.0,0.9,0.0,0.0,0.0,6.2405,1.8908,1.0270000000000001,1.4,True,1400.1,0.0,0.0,100.0,do-nothing,1000.0
148,148,-0.7568024953079282,-0.6536436208636119,1.0,0.0,0.0,0.0,0.0,1.0,594.1,0.0,100.0,594.1,2000.0,3000.0,3000.0,0.9,0.0,0.0,0.0,6.2405,1.8908,1.0270000000000001,1.4,True,1405.9,0.0,0.0,100.0,do-nothing,1000.0
149,149,-0.9589242746631385,0.28366218546322625,1.0,0.0,0.0,0.0,0.0,1.0,561.82,4.92,100.0,556.9,2000.0,3000.0,3000.0,0.9,0.0,0.0,0.0,6.2405,1.8908,1.0270000000000001,1.4,True,1443.1,0.0,0.88,100.0,do-nothing,1000.0
150,150,-0.27941549819892586,0.960170286650366,1.0,0.0,0.0,0.0,0.0,1.0,534.68,42.18,100.0,492.5,2000.0,3000.0,3000.0,0.9,0.0,0.0,0.0,6.2405,1.8908,1.0270000000000001,1.4,True,1507.5,0.0,7.89,100.0,do-nothing,1000.0
151,151,0.6569865987187891,0.7539022543433046,1.0,0.0,0.0,0.0,0.0,1.0,557.74,141.84,100.0,415.9,2000.0,3000.0,3000.0,0.9,0.0,0.0,0.0,6.2405,1.8908,1.0270000000000001,1.4,True,1584.1,0.0,25.43,100.0,do-nothing,1000.0
152,152,0.9893582466233818,-0.14550003380861354,1.0,0.0,0.0,0.0,0.0,1.0,553.92,220.32,100.0,333.6,2000.0,3000.0,3000.0,0.9,0.0,0.0,0.0,6.2405,1.8908,1.0270000000000001,1.4,True,1666.4,0.0,39.77,100.0,do-nothing,1000.0
153,153,0.4121184852417566,-0.9111302618846769,1.0,0.0,0.0,0.0,0.0,1.0,630.8,302.8,97.348,328.0,2000.0,3000.0,3000.0,0.9,0.0,0.0,0.0,6.2405,1.8908,1.0270000000000001,1.4,True,1672.0,8.25,48.0,100.0,do-nothing,1000.0
154,154,-0.5440211108893698,-0.8390715290764524,1.0,0.0,0.0,0.0,0.0,1.0,564.38,321.48,86.773,242.9,2000.0,3000.0,3000.0,0.9,0.0,0.0,0.0,6.2405,1.8908,1.0270000000000001,1.4,True,1757.1,49.0,56.96,100.0,do-nothing,1000.0
155,155,-0.9999902065507035,0.004425697988050785,1.0,0.0,0.0,0.0,0.0,1.0,560.51,313.11,80.21,247.4,2000.0,3000.0,3000.0,0.9,0.0,0.0,0.0,6.2405,1.8908,1.0270000000000001,1.4,True,1752.6,77.25,55.86,100.0,do-nothing,1000.0
156,156,-0.5365729180004349,0.8438539587324921,1.0,0.0,0.0,0.0,0.0,1.0,540.66,227.76,82.336,312.9,2000.0,3000.0,3000.0,0.9,0.0,0.0,0.0,6.2405,1.8908,1.0270000000000001,1.4,True,1687.1,48.86,42.13,100.0,do-nothing,1000.0
157,157,0.4201670368266409,0.9074467814501962,1.0,0.0,0.0,0.0,0.0,1.0,583.5,241.9,91.641,341.6,2000.0,3000.0,3000.0,0.9,0.0,0.0,0.0,6.2405,1.8908,1.0270000000000001,1.4,True,1658.4,22.06,41.46,100.0,do-nothing,1000.0
158,158,0.9906073556948704,0.1367372182078336,1.0,0.0,0.0,0.0,0.0,1.0,563.63,19.73,97.152,543.9,2000.0,3000.0,3000.0,0.9,0.0,0.0,0.0,6.2405,1.8908,1.0270000000000001,1.4,True,1456.1,0.58,3.5,100.0,do-nothing,1000.0
159,159,0.6502878401571168,-0.7596879128588213,1.0,0.0,0.0,0.0,0.0,1.0,574.48,1.18,100.0,573.3,2000.0,3000.0,3000.0,0.9,0.0,0.0,0.0,6.2405,1.8908,1.0270000000000001,1.4,True,1426.7,0.0,0.21,100.0,do-nothing,1000.0
160,160,-0.2879033166650653,-0.9576594803233847,1.0,0.0,0.0,0.0,0.0,1.0,548.31,0.01,100.0,548.3,2000.0,3000.0,3000.0,0.9,0.0,0.0,0.0,6.2405,1.8908,1.0270000000000001,1.4,True,1451.7,0.0,0.0,100.0,do-nothing,1000.0
161,161,-0.9613974918795568,-0.27516333805159693,1.0,0.0,0.0,0.0,0.0,1.0,612.8,0.0,100.0,612.8,2000.0,3000.0,3000.0,0.9,0.0,0.0,0.0,6.2405,1.8908,1.0270000000000001,1.4,True,1387.2,0.0,0.0,100.0,do-nothing,1000.0
162,162,-0.750987246771676,0.6603167082440802,1.0,0.0,0.0,0.0,0.0,1.0,639.6,0.0,100.0,639.6,2000.0,3000.0,3000.0,0.9,0.0,0.0,0.0,6.2405,1.8908,1.0270000000000001,1.4,True,1360.4,0.0,0.0,100.0,do-nothing,1000.0
163,163,0.14987720966295234,0.9887046181866692,1.0,0.0,0.0,0.0,0.0,1.0,749.2,0.0,100.0,749.2,2000.0,3000.0,3000.0,0.9,0.0,0.0,0.0,6.2405,1.8908,1.0270000000000001,1.4,True,1250.8,0.0,0.0,100.0,do-nothing,1000.0
164,164,0.9129452507276277,0.40808206181339196,1.0,0.0,0.0,0.0,0.0,1.0,969.1,0.0,100.0,969.1,2000.0,3000.0,3000.0,0.9,0.0,0.0,0.0,6.2405,1.8908,1.0270000000000001,1.4,True,1030.9,0.0,0.0,100.0,do-nothing,1000.0
165,165,0.8366556385360561,-0.5477292602242684,1.0,0.0,0.0,0.0,0.0,1.0,1375.3,0.0,100.0,1375.3,2000.0,3000.0,3000.0,0.9,0.0,0.0,0.0,6.2405,1.8908,1.0270000000000001,1.4,True,624.7,0.0,0.0,100.0,do-nothing,1000.0
166,166,-0.008851309290403876,-0.9999608263946371,1.0,0.0,0.0,0.0,0.0,1.0,1130.3,0.0,100.0,1130.3,2000.0,3000.0,3000.0,0.9,0.0,0.0,0.0,6.2405,1.8908,1.0270000000000001,1.4,True,869.7,0.0,0.0,100.0,do-nothing,1000.0
167,167,-0.8462204041751706,-0.5328330203333975,1.0,0.0,0.0,0.0,0.0,1.0,1120.8,0.0,100.0,1120.8,2000.0,3000.0,3000.0,0.9,0.0,0.0,0.0,6.2405,1.8908,1.0270000000000001,1.4,True,879.2,0.0,0.0,100.0,do-nothing,1000.0
